{"cameraMode":{"drawMode":0,"name":"Shaded","section":"Shading Mode"},"sceneLighting":false,"audioPlay":false,"sceneViewState":{"showFog":true,"showMaterialUpdate":false,"showSkybox":false,"showFlares":true,"showImageEffects":true,"showParticleSystems":true},"in2DMode":false,"pivot":{"x":-82.76544189453125,"y":1610.24169921875,"z":-1.56396484375},"rotation":{"x":-0.20573069155216218,"y":-0.39753618836402895,"z":0.09199836850166321,"w":-0.8895183801651001},"size":1939.199951171875,"orthographic":false}