{"cameraMode":{"drawMode":0,"name":"Shaded","section":"Shading Mode"},"sceneLighting":true,"audioPlay":false,"sceneViewState":{"showFog":true,"showMaterialUpdate":false,"showSkybox":true,"showFlares":true,"showImageEffects":true,"showParticleSystems":true},"in2DMode":false,"pivot":{"x":373.2608642578125,"y":162.2534942626953,"z":-103.8115234375},"rotation":{"x":0.01969229057431221,"y":0.006881071720272303,"z":-0.00003298258161521517,"w":-0.9998397827148438},"size":143.0814666748047,"orthographic":false}