{"cameraMode":{"drawMode":0,"name":"Shaded","section":"Shading Mode"},"sceneLighting":false,"audioPlay":false,"sceneViewState":{"showFog":true,"showMaterialUpdate":false,"showSkybox":false,"showFlares":true,"showImageEffects":true,"showParticleSystems":true},"in2DMode":false,"pivot":{"x":2.434356689453125,"y":6.5565667152404789,"z":0.08351373672485352},"rotation":{"x":0.1058245301246643,"y":0.46154752373695376,"z":-0.05556245148181915,"w":0.879034161567688},"size":10.25762939453125,"orthographic":false}