{"cameraMode":{"drawMode":0,"name":"Shaded","section":"Shading Mode"},"sceneLighting":true,"audioPlay":false,"sceneViewState":{"showFog":true,"showMaterialUpdate":false,"showSkybox":true,"showFlares":true,"showImageEffects":true,"showParticleSystems":true},"in2DMode":false,"pivot":{"x":785.2881469726563,"y":112.64390563964844,"z":524.77587890625},"rotation":{"x":-0.07553490996360779,"y":-0.9211914539337158,"z":0.22571207582950593,"w":-0.30799978971481326},"size":105.16637420654297,"orthographic":false}