{"cameraMode":{"drawMode":0,"name":"Shaded","section":"Shading Mode"},"sceneLighting":true,"audioPlay":false,"sceneViewState":{"showFog":true,"showMaterialUpdate":false,"showSkybox":true,"showFlares":true,"showImageEffects":true,"showParticleSystems":true},"in2DMode":false,"pivot":{"x":650.0360107421875,"y":87.00951385498047,"z":606.302734375},"rotation":{"x":-0.04634646326303482,"y":-0.7280073165893555,"z":0.04943104833364487,"w":-0.682279646396637},"size":178.73074340820313,"orthographic":false}