{"cameraMode":{"drawMode":0,"name":"Shaded","section":"Shading Mode"},"sceneLighting":false,"audioPlay":false,"sceneViewState":{"showFog":true,"showMaterialUpdate":false,"showSkybox":false,"showFlares":true,"showImageEffects":true,"showParticleSystems":true},"in2DMode":false,"pivot":{"x":-31.17608642578125,"y":24.772951126098634,"z":-0.024061203002929689},"rotation":{"x":0.04242807999253273,"y":-0.766711950302124,"z":0.05089917778968811,"w":0.6386359333992004},"size":29.833845138549806,"orthographic":false}