{"cameraMode":{"drawMode":0,"name":"Shaded","section":"Shading Mode"},"sceneLighting":true,"audioPlay":false,"sceneViewState":{"showFog":true,"showMaterialUpdate":false,"showSkybox":true,"showFlares":true,"showImageEffects":true,"showParticleSystems":true},"in2DMode":false,"pivot":{"x":863.811279296875,"y":-166.9014434814453,"z":419.97943115234377},"rotation":{"x":-0.10089419782161713,"y":-0.7977791428565979,"z":0.1392482966184616,"w":-0.5779931545257568},"size":312.2337951660156,"orthographic":false}