{"cameraMode":{"drawMode":0,"name":"Shaded","section":"Shading Mode"},"sceneLighting":true,"audioPlay":false,"sceneViewState":{"showFog":true,"showMaterialUpdate":false,"showSkybox":true,"showFlares":true,"showImageEffects":true,"showParticleSystems":true},"in2DMode":false,"pivot":{"x":399.9144592285156,"y":223.30955505371095,"z":-291.2435607910156},"rotation":{"x":-0.04229548200964928,"y":-0.012258663773536682,"z":0.0005382848903536797,"w":-0.9990558624267578},"size":9.211069107055664,"orthographic":false}