{"cameraMode":{"drawMode":0,"name":"Shaded","section":"Shading Mode"},"sceneLighting":true,"audioPlay":false,"sceneViewState":{"showFog":true,"showMaterialUpdate":false,"showSkybox":true,"showFlares":true,"showImageEffects":true,"showParticleSystems":true},"in2DMode":false,"pivot":{"x":2729.0478515625,"y":-13.774824142456055,"z":1305.9412841796875},"rotation":{"x":-0.21624454855918885,"y":0.394171804189682,"z":-0.09594902396202088,"w":-0.8882047533988953},"size":621.4346313476563,"orthographic":false}