{"cameraMode":{"drawMode":0,"name":"Shaded","section":"Shading Mode"},"sceneLighting":false,"audioPlay":false,"sceneViewState":{"showFog":true,"showMaterialUpdate":false,"showSkybox":false,"showFlares":true,"showImageEffects":true,"showParticleSystems":true},"in2DMode":false,"pivot":{"x":4217.60986328125,"y":702.7882690429688,"z":1098.5338134765625},"rotation":{"x":0.3556080162525177,"y":0.6379033327102661,"z":-0.422791987657547,"w":0.536536693572998},"size":2.6734085083007814,"orthographic":false}