{"cameraMode":{"drawMode":0,"name":"Shaded","section":"Shading Mode"},"sceneLighting":true,"audioPlay":false,"sceneViewState":{"showFog":true,"showMaterialUpdate":false,"showSkybox":true,"showFlares":true,"showImageEffects":true,"showParticleSystems":true},"in2DMode":false,"pivot":{"x":462.20001220703127,"y":95.69999694824219,"z":637.0},"rotation":{"x":-0.04331542178988457,"y":-0.9583379626274109,"z":0.19076664745807649,"w":-0.20990826189517976},"size":8.820606231689454,"orthographic":false}