{"cameraMode":{"drawMode":0,"name":"Shaded","section":"Shading Mode"},"sceneLighting":false,"audioPlay":false,"sceneViewState":{"showFog":true,"showMaterialUpdate":false,"showSkybox":false,"showFlares":true,"showImageEffects":true,"showParticleSystems":true},"in2DMode":false,"pivot":{"x":0.26000022888183596,"y":0.26000022888183596,"z":0.26000022888183596},"rotation":{"x":0.11979865282773972,"y":0.16596871614456178,"z":-0.02031720243394375,"w":0.978621244430542},"size":20.413604736328126,"orthographic":false}