{"cameraMode":{"drawMode":0,"name":"Shaded","section":"Shading Mode"},"sceneLighting":true,"audioPlay":false,"sceneViewState":{"showFog":true,"showMaterialUpdate":false,"showSkybox":true,"showFlares":true,"showImageEffects":true,"showParticleSystems":true},"in2DMode":false,"pivot":{"x":1812.2882080078125,"y":325.8000183105469,"z":655.77587890625},"rotation":{"x":0.10249334573745728,"y":0.7680665850639343,"z":-0.12500619888305665,"w":0.620101809501648},"size":61.96221160888672,"orthographic":false}