{"cameraMode":{"drawMode":0,"name":"Shaded","section":"Shading Mode"},"sceneLighting":false,"audioPlay":false,"sceneViewState":{"showFog":true,"showMaterialUpdate":false,"showSkybox":false,"showFlares":true,"showImageEffects":true,"showParticleSystems":true},"in2DMode":false,"pivot":{"x":-6.465610027313232,"y":25.296348571777345,"z":73.50397491455078},"rotation":{"x":-0.04331542178988457,"y":-0.9583379626274109,"z":0.19076664745807649,"w":-0.20990826189517976},"size":3.558354377746582,"orthographic":false}