{"cameraMode":{"drawMode":0,"name":"Shaded","section":"Shading Mode"},"sceneLighting":false,"audioPlay":false,"sceneViewState":{"showFog":true,"showMaterialUpdate":false,"showSkybox":false,"showFlares":true,"showImageEffects":true,"showParticleSystems":true},"in2DMode":false,"pivot":{"x":3.247314453125,"y":9.677495956420899,"z":-3.1813201904296877},"rotation":{"x":-0.04331542178988457,"y":-0.9583379626274109,"z":0.19076664745807649,"w":-0.20990826189517976},"size":28.82787322998047,"orthographic":false}