{"cameraMode":{"drawMode":0,"name":"Shaded","section":"Shading Mode"},"sceneLighting":true,"audioPlay":false,"sceneViewState":{"showFog":true,"showMaterialUpdate":false,"showSkybox":true,"showFlares":true,"showImageEffects":true,"showParticleSystems":true},"in2DMode":false,"pivot":{"x":349.95758056640627,"y":133.4918212890625,"z":560.4035034179688},"rotation":{"x":-0.03820543736219406,"y":-0.964882493019104,"z":0.180857852101326,"w":-0.18908889591693879},"size":124.94458770751953,"orthographic":false}