{"cameraMode":{"drawMode":0,"name":"Shaded","section":"Shading Mode"},"sceneLighting":true,"audioPlay":false,"sceneViewState":{"showFog":true,"showMaterialUpdate":false,"showSkybox":true,"showFlares":true,"showImageEffects":true,"showParticleSystems":true},"in2DMode":false,"pivot":{"x":4671.068359375,"y":242.01809692382813,"z":470.6846618652344},"rotation":{"x":0.07360823452472687,"y":0.6159306168556213,"z":0.056199751794338229,"w":-0.7829082608222961},"size":-20.35453224182129,"orthographic":false}