{"cameraMode":{"drawMode":0,"name":"Shaded","section":"Shading Mode"},"sceneLighting":false,"audioPlay":false,"sceneViewState":{"showFog":true,"showMaterialUpdate":false,"showSkybox":false,"showFlares":true,"showImageEffects":true,"showParticleSystems":true},"in2DMode":false,"pivot":{"x":4409.767578125,"y":92.37969970703125,"z":617.7630004882813},"rotation":{"x":0.4548875391483307,"y":0.12456345558166504,"z":-0.06440453231334686,"w":0.8795203566551209},"size":364.52093505859377,"orthographic":false}