{"cameraMode":{"drawMode":0,"name":"Shaded","section":"Shading Mode"},"sceneLighting":true,"audioPlay":false,"sceneViewState":{"showFog":true,"showMaterialUpdate":false,"showSkybox":true,"showFlares":true,"showImageEffects":true,"showParticleSystems":true},"in2DMode":false,"pivot":{"x":3268.69384765625,"y":141.59503173828126,"z":675.9144287109375},"rotation":{"x":0.1284226030111313,"y":0.6551073789596558,"z":-0.1143478974699974,"w":0.7357286810874939},"size":137.08905029296876,"orthographic":false}