{"cameraMode":{"drawMode":0,"name":"Shaded","section":"Shading Mode"},"sceneLighting":false,"audioPlay":false,"sceneViewState":{"showFog":true,"showMaterialUpdate":false,"showSkybox":false,"showFlares":true,"showImageEffects":true,"showParticleSystems":true},"in2DMode":false,"pivot":{"x":859.9000244140625,"y":24.899999618530275,"z":640.425048828125},"rotation":{"x":-0.3200487792491913,"y":0.021517831832170488,"z":-0.007703899405896664,"w":-0.947349488735199},"size":1.2247449159622193,"orthographic":false}