{"cameraMode":{"drawMode":0,"name":"Shaded","section":"Shading Mode"},"sceneLighting":true,"audioPlay":false,"sceneViewState":{"showFog":true,"showMaterialUpdate":false,"showSkybox":true,"showFlares":true,"showImageEffects":true,"showParticleSystems":true},"in2DMode":false,"pivot":{"x":592.47998046875,"y":242.1097869873047,"z":264.73211669921877},"rotation":{"x":-0.07087378948926926,"y":-0.9287387132644653,"z":0.27089813351631167,"w":-0.24298468232154847},"size":20.19412612915039,"orthographic":false}