{"cameraMode":{"drawMode":0,"name":"Shaded","section":"Shading Mode"},"sceneLighting":true,"audioPlay":false,"sceneViewState":{"showFog":true,"showMaterialUpdate":false,"showSkybox":true,"showFlares":true,"showImageEffects":true,"showParticleSystems":true},"in2DMode":false,"pivot":{"x":3614.7822265625,"y":440.510986328125,"z":158.7926483154297},"rotation":{"x":0.2274484634399414,"y":0.686323881149292,"z":-0.24109244346618653,"w":0.6475023627281189},"size":770.6560668945313,"orthographic":false}