{"cameraMode":{"drawMode":0,"name":"Shaded","section":"Shading Mode"},"sceneLighting":false,"audioPlay":false,"sceneViewState":{"showFog":true,"showMaterialUpdate":false,"showSkybox":false,"showFlares":true,"showImageEffects":true,"showParticleSystems":true},"in2DMode":false,"pivot":{"x":-6.399999618530273,"y":-11.600000381469727,"z":-39.459999084472659},"rotation":{"x":0.11979865282773972,"y":0.16596871614456178,"z":-0.02031720243394375,"w":0.978621244430542},"size":32.48945617675781,"orthographic":false}