{"cameraMode":{"drawMode":0,"name":"Shaded","section":"Shading Mode"},"sceneLighting":true,"audioPlay":false,"sceneViewState":{"showFog":true,"showMaterialUpdate":false,"showSkybox":true,"showFlares":true,"showImageEffects":true,"showParticleSystems":true},"in2DMode":false,"pivot":{"x":50.28816223144531,"y":48.93572998046875,"z":-78.22409057617188},"rotation":{"x":-0.07363278418779373,"y":-0.9271466135978699,"z":0.2612617313861847,"w":-0.2593267560005188},"size":161.82510375976563,"orthographic":false}