{"cameraMode":{"drawMode":0,"name":"Shaded","section":"Shading Mode"},"sceneLighting":true,"audioPlay":false,"sceneViewState":{"showFog":true,"showMaterialUpdate":false,"showSkybox":true,"showFlares":true,"showImageEffects":true,"showParticleSystems":true},"in2DMode":false,"pivot":{"x":50.28816223144531,"y":68.0999984741211,"z":-78.22409057617188},"rotation":{"x":-0.25889888405799868,"y":-0.7273151278495789,"z":0.35670703649520876,"w":-0.5265715718269348},"size":154.02978515625,"orthographic":false}