{"cameraMode":{"drawMode":0,"name":"Shaded","section":"Shading Mode"},"sceneLighting":false,"audioPlay":false,"sceneViewState":{"showFog":true,"showMaterialUpdate":false,"showSkybox":false,"showFlares":true,"showImageEffects":true,"showParticleSystems":true},"in2DMode":false,"pivot":{"x":11.930000305175782,"y":-8.921529769897461,"z":81.83246612548828},"rotation":{"x":0.11979865282773972,"y":0.16596871614456178,"z":-0.02031720243394375,"w":0.978621244430542},"size":12.783791542053223,"orthographic":false}